name,price
Product 1,10.99
Product 2,20.5
Product 3,15.75
Product 1,10.99
Product 2,20.5
Product 3,15.75
Product 1,10.99
Product 2,20.5
Product 3,15.75
Product 1,10.99
Product 2,20.5
Product 3,15.75
Product 1,10.99
Product 2,20.5
Product 3,15.75
Product 1,10.99
Product 2,20.5
Product 3,15.75
Product 1,10.99
Product 2,20.5
Product 3,15.75
Product 1,10.99
Product 2,20.5
Product 3,15.75
Product 1,10.99
Product 2,20.5
Product 3,15.75
Product 1,10.99
Product 2,20.5
Product 3,15.75
Product 1,10.99
Product 2,20.5
Product 3,15.75
Product 1,10.99
Product 2,20.5
Product 3,15.75
Product 1,10.99
Product 2,20.5
Product 3,15.75
Product 1,10.99
Product 2,20.5
Product 3,15.75
Product 1,10.99
Product 2,20.5
Product 3,15.75
Product 1,10.99
Product 2,20.5
Product 3,15.75
Product 1,10.99
Product 2,20.5
Product 3,15.75
Product 1,10.99
Product 2,20.5
Product 3,15.75
Product 1,10.99
Product 2,20.5
Product 3,15.75
Product 1,10.99
Product 2,20.5
Product 3,15.75
Product 1,10.99
Product 2,20.5
Product 3,15.75
Product 1,10.99
Product 2,20.5
Product 3,15.75
Product 1,10.99
Product 2,20.5
Product 3,15.75
Product 1,10.99
Product 2,20.5
Product 3,15.75
Product 1,10.99
Product 2,20.5
Product 3,15.75
Product 1,10.99
Product 2,20.5
Product 3,15.75
Product 1,10.99
Product 2,20.5
Product 3,15.75
Product 1,10.99
Product 2,20.5
Product 3,15.75
Product 1,10.99
Product 2,20.5
Product 3,15.75
Product 1,10.99
Product 2,20.5
Product 3,15.75
Product 1,10.99
Product 2,20.5
Product 3,15.75
Product 1,10.99
Product 2,20.5
Product 3,15.75
Product 1,10.99
Product 2,20.5
Product 3,15.75
Product 1,10.99
Product 2,20.5
Product 3,15.75
Product 1,10.99
Product 2,20.5
Product 3,15.75
Product 1,10.99
Product 2,20.5
Product 3,15.75
Product 1,10.99
Product 2,20.5
Product 3,15.75
Product 1,10.99
Product 2,20.5
Product 3,15.75
Product 1,10.99
Product 2,20.5
Product 3,15.75
Product 1,10.99
Product 2,20.5
Product 3,15.75
Product 1,10.99
Product 2,20.5
Product 3,15.75
Product 1,10.99
Product 2,20.5
Product 3,15.75
Product 1,10.99
Product 2,20.5
Product 3,15.75
Product 1,10.99
Product 2,20.5
Product 3,15.75
Product 1,10.99
Product 2,20.5
Product 3,15.75
Product 1,10.99
Product 2,20.5
Product 3,15.75
Product 1,10.99
Product 2,20.5
Product 3,15.75
Product 1,10.99
Product 2,20.5
Product 3,15.75
Product 1,10.99
Product 2,20.5
Product 3,15.75
Product 1,10.99
Product 2,20.5
Product 3,15.75
Product 1,10.99
Product 2,20.5
Product 3,15.75
Product 1,10.99
Product 2,20.5
Product 3,15.75
Product 1,10.99
Product 2,20.5
Product 3,15.75
Product 1,10.99
Product 2,20.5
Product 3,15.75
Product 1,10.99
Product 2,20.5
Product 3,15.75
Product 1,10.99
Product 2,20.5
Product 3,15.75
Product 1,10.99
Product 2,20.5
Product 3,15.75
Product 1,10.99
Product 2,20.5
Product 3,15.75
Product 1,10.99
Product 2,20.5
Product 3,15.75
Product 1,10.99
Product 2,20.5
Product 3,15.75
Product 1,10.99
Product 2,20.5
Product 3,15.75
Product 1,10.99
Product 2,20.5
Product 3,15.75
Product 1,10.99
Product 2,20.5
Product 3,15.75
Product 1,10.99
Product 2,20.5
Product 3,15.75
Product 1,10.99
Product 2,20.5
Product 3,15.75
Product 1,10.99
Product 2,20.5
Product 3,15.75
Product 1,10.99
Product 2,20.5
Product 3,15.75
Product 1,10.99
Product 2,20.5
Product 3,15.75
Product 1,10.99
Product 2,20.5
Product 3,15.75
Product 1,10.99
Product 2,20.5
Product 3,15.75
Product 1,10.99
Product 2,20.5
Product 3,15.75
Product 1,10.99
Product 2,20.5
Product 3,15.75
Product 1,10.99
Product 2,20.5
Product 3,15.75
Product 1,10.99
Product 2,20.5
Product 3,15.75
Product 1,10.99
Product 2,20.5
Product 3,15.75
Product 1,10.99
Product 2,20.5
Product 3,15.75
Product 1,10.99
Product 2,20.5
Product 3,15.75
Product 1,10.99
Product 2,20.5
Product 3,15.75
Product 1,10.99
Product 2,20.5
Product 3,15.75
Product 1,10.99
Product 2,20.5
Product 3,15.75
Product 1,10.99
Product 2,20.5
Product 3,15.75
Product 1,10.99
Product 2,20.5
Product 3,15.75
Product 1,10.99
Product 2,20.5
Product 3,15.75
Product 1,10.99
Product 2,20.5
Product 3,15.75
Product 1,10.99
Product 2,20.5
Product 3,15.75
Product 1,10.99
Product 2,20.5
Product 3,15.75
Product 1,10.99
Product 2,20.5
Product 3,15.75
Product 1,10.99
Product 2,20.5
Product 3,15.75
Product 1,10.99
Product 2,20.5
Product 3,15.75
Product 1,10.99
Product 2,20.5
Product 3,15.75
Product 1,10.99
Product 2,20.5
Product 3,15.75
Product 1,10.99
Product 2,20.5
Product 3,15.75
Product 1,10.99
Product 2,20.5
Product 3,15.75
Product 1,10.99
Product 2,20.5
Product 3,15.75
Product 1,10.99
Product 2,20.5
Product 3,15.75
Product 1,10.99
Product 2,20.5
Product 3,15.75
Product 1,10.99
Product 2,20.5
Product 3,15.75
Product 1,10.99
Product 2,20.5
Product 3,15.75
Product 1,10.99
Product 2,20.5
Product 3,15.75
Product 1,10.99
Product 2,20.5
Product 3,15.75
Product 1,10.99
Product 2,20.5
Product 3,15.75
Product 1,10.99
Product 2,20.5
Product 3,15.75
Product 1,10.99
Product 2,20.5
Product 3,15.75
Product 1,10.99
Product 2,20.5
Product 3,15.75
Product 1,10.99
Product 2,20.5
Product 3,15.75
Product 1,10.99
Product 2,20.5
Product 3,15.75
Product 1,10.99
Product 2,20.5
Product 3,15.75
Product 1,10.99
Product 2,20.5
Product 3,15.75
Product 1,10.99
Product 2,20.5
Product 3,15.75
Product 1,10.99
Product 2,20.5
Product 3,15.75
Product 1,10.99
Product 2,20.5
Product 3,15.75
Product 1,10.99
Product 2,20.5
Product 3,15.75
Product 1,10.99
Product 2,20.5
Product 3,15.75
Product 1,10.99
Product 2,20.5
Product 3,15.75
Product 1,10.99
Product 2,20.5
Product 3,15.75
Product 1,10.99
Product 2,20.5
Product 3,15.75
Product 1,10.99
Product 2,20.5
Product 3,15.75
Product 1,10.99
Product 2,20.5
Product 3,15.75
Product 1,10.99
Product 2,20.5
Product 3,15.75
Product 1,10.99
Product 2,20.5
Product 3,15.75
Product 1,10.99
Product 2,20.5
Product 3,15.75
Product 1,10.99
Product 2,20.5
Product 3,15.75
Product 1,10.99
Product 2,20.5
Product 3,15.75
Product 1,10.99
Product 2,20.5
Product 3,15.75
Product 1,10.99
Product 2,20.5
Product 3,15.75
Product 1,10.99
Product 2,20.5
Product 3,15.75
Product 1,10.99
Product 2,20.5
Product 3,15.75
Product 1,10.99
Product 2,20.5
Product 3,15.75
Product 1,10.99
Product 2,20.5
Product 3,15.75
Product 1,10.99
Product 2,20.5
Product 3,15.75
Product 1,10.99
Product 2,20.5
Product 3,15.75
Product 1,10.99
Product 2,20.5
Product 3,15.75
Product 1,10.99
Product 2,20.5
Product 3,15.75
Product 1,10.99
Product 2,20.5
Product 3,15.75
Product 1,10.99
Product 2,20.5
Product 3,15.75
Product 1,10.99
Product 2,20.5
Product 3,15.75
Product 1,10.99
Product 2,20.5
Product 3,15.75
Product 1,10.99
Product 2,20.5
Product 3,15.75
Product 1,10.99
Product 2,20.5
Product 3,15.75
Product 1,10.99
Product 2,20.5
Product 3,15.75
Product 1,10.99
Product 2,20.5
Product 3,15.75
Product 1,10.99
Product 2,20.5
Product 3,15.75
Product 1,10.99
Product 2,20.5
Product 3,15.75
Product 1,10.99
Product 2,20.5
Product 3,15.75
Product 1,10.99
Product 2,20.5
Product 3,15.75
Product 1,10.99
Product 2,20.5
Product 3,15.75
Product 1,10.99
Product 2,20.5
Product 3,15.75
Product 1,10.99
Product 2,20.5
Product 3,15.75
Product 1,10.99
Product 2,20.5
Product 3,15.75
Product 1,10.99
Product 2,20.5
Product 3,15.75
Product 1,10.99
Product 2,20.5
Product 3,15.75
Product 1,10.99
Product 2,20.5
Product 3,15.75
Product 1,10.99
Product 2,20.5
Product 3,15.75
Product 1,10.99
Product 2,20.5
Product 3,15.75
Product 1,10.99
Product 2,20.5
Product 3,15.75
Product 1,10.99
Product 2,20.5
Product 3,15.75
Product 1,10.99
Product 2,20.5
Product 3,15.75
Product 1,10.99
Product 2,20.5
Product 3,15.75
Product 1,10.99
Product 2,20.5
Product 3,15.75
Product 1,10.99
Product 2,20.5
Product 3,15.75
Product 1,10.99
Product 2,20.5
Product 3,15.75
Product 1,10.99
Product 2,20.5
Product 3,15.75
Product 1,10.99
Product 2,20.5
Product 3,15.75
Product 1,10.99
Product 2,20.5
Product 3,15.75
Product 1,10.99
Product 2,20.5
Product 3,15.75
Product 1,10.99
Product 2,20.5
Product 3,15.75
Product 1,10.99
Product 2,20.5
Product 3,15.75
Product 1,10.99
Product 2,20.5
Product 3,15.75
Product 1,10.99
Product 2,20.5
Product 3,15.75
Product 1,10.99
Product 2,20.5
Product 3,15.75
Product 1,10.99
Product 2,20.5
Product 3,15.75
Product 1,10.99
Product 2,20.5
Product 3,15.75
Product 1,10.99
Product 2,20.5
Product 3,15.75
Product 1,10.99
Product 2,20.5
Product 3,15.75
Product 1,10.99
Product 2,20.5
Product 3,15.75
Product 1,10.99
Product 2,20.5
Product 3,15.75
Product 1,10.99
Product 2,20.5
Product 3,15.75
Product 1,10.99
Product 2,20.5
Product 3,15.75
Product 1,10.99
Product 2,20.5
Product 3,15.75
Product 1,10.99
Product 2,20.5
Product 3,15.75
